<application>
  <component name="GitRememberedInputs">
    <option name="visitedUrls">
      <list>
        <UrlAndUserName>
          <option name="url" value="http://bitbucket.org" />
          <option name="userName" value="mpa3b" />
        </UrlAndUserName>
        <UrlAndUserName>
          <option name="url" value="http://gitlab.riche.skin" />
          <option name="userName" value="ilya.petrovsky@yandex.ru" />
        </UrlAndUserName>
      </list>
    </option>
  </component>
  <component name="Vcs.Log.App.Settings">
    <option name="SHOW_TAG_NAMES" value="true" />
    <option name="LABELS_LEFT_ALIGNED" value="true" />
    <option name="PREFER_COMMIT_DATE" value="true" />
    <option name="COLUMN_ID_ORDER">
      <list>
        <option value="Default.Root" />
        <option value="Default.Subject" />
        <option value="Default.Author" />
        <option value="Default.Date" />
      </list>
    </option>
  </component>
  <component name="VcsApplicationSettings">
    <option name="COMMIT_FROM_LOCAL_CHANGES" value="true" />
  </component>
  <component name="VcsEditorTab.Settings">
    <option name="openInNewWindow" value="true" />
  </component>
</application>