<code_scheme name="RICHE v.3 copy" version="173">
  <option name="WRAP_WHEN_TYPING_REACHES_RIGHT_MARGIN" value="true" />
  <option name="FORMATTER_TAGS_ENABLED" value="true" />
  <CssCodeStyleSettings>
    <option name="HEX_COLOR_LONG_FORMAT" value="true" />
    <option name="VALUE_ALIGNMENT" value="2" />
    <option name="ENFORCE_QUOTES_ON_FORMAT" value="true" />
  </CssCodeStyleSettings>
  <JSCodeStyleSettings version="0">
    <option name="ALIGN_OBJECT_PROPERTIES" value="1" />
    <option name="ALIGN_VAR_STATEMENTS" value="1" />
    <option name="REFORMAT_C_STYLE_COMMENTS" value="true" />
    <option name="IMPORTS_WRAP" value="1" />
    <option name="IMPORT_SORT_MODULE_NAME" value="true" />
    <option name="IMPORT_PREFER_ABSOLUTE_PATH" value="TRUE" />
  </JSCodeStyleSettings>
  <JSON>
    <option name="PROPERTY_ALIGNMENT" value="1" />
  </JSON>
  <LessCodeStyleSettings>
    <option name="VALUE_ALIGNMENT" value="1" />
    <option name="ENFORCE_QUOTES_ON_FORMAT" value="true" />
  </LessCodeStyleSettings>
  <PHPCodeStyleSettings>
    <option name="ALIGN_KEY_VALUE_PAIRS" value="true" />
    <option name="ALIGN_PHPDOC_PARAM_NAMES" value="true" />
    <option name="ALIGN_PHPDOC_COMMENTS" value="true" />
    <option name="ALIGN_ASSIGNMENTS" value="true" />
    <option name="ALIGN_INLINE_COMMENTS" value="true" />
    <option name="ALIGN_MATCH_ARM_BODIES" value="true" />
    <option name="PHPDOC_BLANK_LINE_BEFORE_TAGS" value="true" />
    <option name="PHPDOC_BLANK_LINES_AROUND_PARAMETERS" value="true" />
    <option name="PHPDOC_WRAP_LONG_LINES" value="true" />
    <option name="LOWER_CASE_BOOLEAN_CONST" value="true" />
    <option name="LOWER_CASE_NULL_CONST" value="true" />
    <option name="ELSE_IF_STYLE" value="COMBINE" />
    <option name="VARIABLE_NAMING_STYLE" value="CAMEL_CASE" />
    <option name="KEEP_RPAREN_AND_LBRACE_ON_ONE_LINE" value="true" />
    <option name="ALIGN_CLASS_CONSTANTS" value="true" />
    <option name="FORCE_SHORT_DECLARATION_ARRAY_STYLE" value="true" />
    <option name="SPACES_AROUND_ARROW" value="true" />
    <option name="SPACE_AROUND_ASSIGNMENT_IN_DECLARE" value="true" />
    <option name="SPACES_AROUND_PIPE_IN_UNION_TYPE" value="true" />
    <option name="PHPDOC_USE_FQCN" value="true" />
    <option name="NULL_TYPE_POSITION" value="IN_THE_BEGINNING" />
    <option name="ATTRIBUTES_WRAP" value="1" />
    <option name="PARAMETERS_ATTRIBUTES_WRAP" value="1" />
  </PHPCodeStyleSettings>
  <ScssCodeStyleSettings>
    <option name="HEX_COLOR_LOWER_CASE" value="true" />
    <option name="HEX_COLOR_LONG_FORMAT" value="true" />
    <option name="VALUE_ALIGNMENT" value="2" />
    <option name="ENFORCE_QUOTES_ON_FORMAT" value="true" />
  </ScssCodeStyleSettings>
  <editorconfig>
    <option name="ENABLED" value="false" />
  </editorconfig>
  <yaml>
    <option name="ALIGN_VALUES_PROPERTIES" value="2" />
    <option name="SEQUENCE_ON_NEW_LINE" value="true" />
    <option name="BLOCK_MAPPING_ON_NEW_LINE" value="true" />
  </yaml>
  <codeStyleSettings language="EditorConfig">
    <option name="ALIGN_GROUP_FIELD_DECLARATIONS" value="true" />
  </codeStyleSettings>
  <codeStyleSettings language="JavaScript">
    <option name="CATCH_ON_NEW_LINE" value="true" />
    <option name="FINALLY_ON_NEW_LINE" value="true" />
    <option name="ALIGN_MULTILINE_CHAINED_METHODS" value="true" />
    <option name="ALIGN_MULTILINE_PARAMETERS_IN_CALLS" value="true" />
    <option name="ALIGN_MULTILINE_EXTENDS_LIST" value="true" />
    <option name="CALL_PARAMETERS_WRAP" value="5" />
    <option name="PREFER_PARAMETERS_WRAP" value="true" />
    <option name="EXTENDS_LIST_WRAP" value="5" />
    <option name="METHOD_CALL_CHAIN_WRAP" value="5" />
    <option name="DOWHILE_BRACE_FORCE" value="3" />
    <option name="WHILE_BRACE_FORCE" value="3" />
    <option name="FOR_BRACE_FORCE" value="3" />
  </codeStyleSettings>
  <codeStyleSettings language="PHP">
    <option name="LINE_COMMENT_AT_FIRST_COLUMN" value="false" />
    <option name="BLANK_LINES_AFTER_PACKAGE" value="1" />
    <option name="ELSE_ON_NEW_LINE" value="true" />
    <option name="WHILE_ON_NEW_LINE" value="true" />
    <option name="CATCH_ON_NEW_LINE" value="true" />
    <option name="FINALLY_ON_NEW_LINE" value="true" />
    <option name="SPECIAL_ELSE_IF_TREATMENT" value="true" />
    <option name="ALIGN_MULTILINE_CHAINED_METHODS" value="true" />
    <option name="ALIGN_MULTILINE_PARAMETERS_IN_CALLS" value="true" />
    <option name="ALIGN_MULTILINE_BINARY_OPERATION" value="true" />
    <option name="ALIGN_MULTILINE_TERNARY_OPERATION" value="true" />
    <option name="ALIGN_MULTILINE_EXTENDS_LIST" value="true" />
    <option name="ALIGN_MULTILINE_ARRAY_INITIALIZER_EXPRESSION" value="true" />
    <option name="ALIGN_GROUP_FIELD_DECLARATIONS" value="true" />
    <option name="SPACE_AFTER_TYPE_CAST" value="true" />
    <option name="CALL_PARAMETERS_WRAP" value="1" />
    <option name="METHOD_PARAMETERS_WRAP" value="5" />
    <option name="METHOD_PARAMETERS_LPAREN_ON_NEXT_LINE" value="true" />
    <option name="METHOD_PARAMETERS_RPAREN_ON_NEXT_LINE" value="true" />
    <option name="ARRAY_INITIALIZER_WRAP" value="5" />
    <option name="ARRAY_INITIALIZER_LBRACE_ON_NEXT_LINE" value="true" />
    <option name="ARRAY_INITIALIZER_RBRACE_ON_NEXT_LINE" value="true" />
    <option name="PLACE_ASSIGNMENT_SIGN_ON_NEXT_LINE" value="true" />
    <option name="IF_BRACE_FORCE" value="3" />
    <option name="DOWHILE_BRACE_FORCE" value="3" />
    <option name="WHILE_BRACE_FORCE" value="3" />
    <option name="FOR_BRACE_FORCE" value="3" />
  </codeStyleSettings>
</code_scheme>