<application>
  <component name="FileTypeManager" version="18">
    <extensionMap>
      <mapping ext="install" type="PHP" />
      <mapping ext="test" type="PHP" />
      <mapping ext="engine" type="PHP" />
      <mapping ext="profile" type="PHP" />
      <mapping ext="theme" type="PHP" />
      <removed_mapping ext="conf" approved="true" type="SmartyConfig" />
      <removed_mapping ext="csv" approved="true" type="CSV/TSV" />
      <removed_mapping ext="ignore" approved="true" type="IgnoreLang file" />
      <removed_mapping ext="tsv" approved="true" type="CSV/TSV" />
    </extensionMap>
  </component>
</application>