<application>
  <component name="PhpAutoImport" auto_import_file_scope="true" />
  <component name="PhpInterpreters">
    <interpreters>
      <interpreter id="0453b5b2-8e31-4a3a-a4a8-d173e6c39dd0" name="PHP 7.4" home="D:\OSPanel\modules\php\PHP_7.4\php.exe" debugger_id="php.debugger.XDebug" />
    </interpreters>
  </component>
  <component name="PhpInterpretersPhpInfoCache">
    <phpInfoCache>
      <interpreter name="PHP 7.4">
        <phpinfo binary_type="PHP" php_cgi="D:\OSPanel\modules\php\PHP_7.4\php-cgi.exe" php_cli="D:\OSPanel\modules\php\PHP_7.4\php.exe" path_separator=";" version="7.4.30">
          <additional_php_ini />
          <configuration_file>D:\ospanel\modules\php\PHP_7.4\php.ini</configuration_file>
          <configuration_options>
            <configuration_option name="include_path" value="." />
          </configuration_options>
          <debuggers />
          <loaded_extensions>
            <extension name="Core" />
            <extension name="PDO" />
            <extension name="Phar" />
            <extension name="Reflection" />
            <extension name="SPL" />
            <extension name="SimpleXML" />
            <extension name="Zend OPcache" />
            <extension name="bcmath" />
            <extension name="bz2" />
            <extension name="calendar" />
            <extension name="ctype" />
            <extension name="curl" />
            <extension name="date" />
            <extension name="dom" />
            <extension name="enchant" />
            <extension name="exif" />
            <extension name="fileinfo" />
            <extension name="filter" />
            <extension name="ftp" />
            <extension name="gd" />
            <extension name="gettext" />
            <extension name="hash" />
            <extension name="iconv" />
            <extension name="imagick" />
            <extension name="json" />
            <extension name="libxml" />
            <extension name="mbstring" />
            <extension name="memcache" />
            <extension name="mysqli" />
            <extension name="mysqlnd" />
            <extension name="odbc" />
            <extension name="openssl" />
            <extension name="pcre" />
            <extension name="pdo_mysql" />
            <extension name="pdo_pgsql" />
            <extension name="pdo_sqlite" />
            <extension name="readline" />
            <extension name="session" />
            <extension name="soap" />
            <extension name="sockets" />
            <extension name="sodium" />
            <extension name="sqlite3" />
            <extension name="standard" />
            <extension name="timezonedb" />
            <extension name="tokenizer" />
            <extension name="xml" />
            <extension name="xmlreader" />
            <extension name="xmlrpc" />
            <extension name="xmlwriter" />
            <extension name="xsl" />
            <extension name="zip" />
            <extension name="zlib" />
          </loaded_extensions>
        </phpinfo>
      </interpreter>
    </phpInfoCache>
  </component>
</application>